{
  "num_points": 50000,
  "num_channels": 120,
  "wavelengths": [
    400.0,
    405.0420227050781,
    410.08404541015625,
    415.12603759765625,
    420.1680603027344,
    425.2100830078125,
    430.2521057128906,
    435.29412841796875,
    440.33612060546875,
    445.3781433105469,
    450.420166015625,
    455.4621887207031,
    460.50421142578125,
    465.5462341308594,
    470.5882263183594,
    475.6302490234375,
    480.6722717285156,
    485.71429443359375,
    490.7563171386719,
    495.7983093261719,
    500.84033203125,
    505.8823547363281,
    510.92437744140625,
    515.9663696289062,
    521.0084228515625,
    526.0504150390625,
    531.0924682617188,
    536.1344604492188,
    541.1764526367188,
    546.218505859375,
    551.260498046875,
    556.3025512695312,
    561.3445434570312,
    566.3865356445312,
    571.4285888671875,
    576.4705810546875,
    581.5126342773438,
    586.5546264648438,
    591.5966186523438,
    596.638671875,
    601.6806640625,
    606.7227172851562,
    611.7647094726562,
    616.8067016601562,
    621.8487548828125,
    626.8907470703125,
    631.9328002929688,
    636.9747924804688,
    642.016845703125,
    647.058837890625,
    652.100830078125,
    657.1428833007812,
    662.1848754882812,
    667.2269287109375,
    672.2689208984375,
    677.3109130859375,
    682.3529663085938,
    687.3949584960938,
    692.43701171875,
    697.47900390625,
    702.52099609375,
    707.56298828125,
    712.6050415039062,
    717.6470336914062,
    722.6890869140625,
    727.7310791015625,
    732.7730712890625,
    737.8151245117188,
    742.8571166992188,
    747.899169921875,
    752.941162109375,
    757.983154296875,
    763.0252075195312,
    768.0671997070312,
    773.1092529296875,
    778.1512451171875,
    783.1932983398438,
    788.2352905273438,
    793.2772827148438,
    798.3193359375,
    803.361328125,
    808.4033813476562,
    813.4453735351562,
    818.4873657226562,
    823.5294189453125,
    828.5714111328125,
    833.6134643554688,
    838.6554565429688,
    843.6974487304688,
    848.739501953125,
    853.781494140625,
    858.8235473632812,
    863.8655395507812,
    868.9075317382812,
    873.9495849609375,
    878.9915771484375,
    884.0336303710938,
    889.0756225585938,
    894.1176147460938,
    899.15966796875,
    904.20166015625,
    909.2437133789062,
    914.2857055664062,
    919.3277587890625,
    924.3697509765625,
    929.4117431640625,
    934.4537963867188,
    939.4957885742188,
    944.537841796875,
    949.579833984375,
    954.621826171875,
    959.6638793945312,
    964.7058715820312,
    969.7479248046875,
    974.7899169921875,
    979.8319091796875,
    984.8739624023438,
    989.9159545898438,
    994.9580078125,
    1000.0
  ]
}